,Age,Gender,DailyRate,Department,EducationField,MonthlyIncome,YearsAtCompany,YearsInCurrentRole
0,41,Female,1102,Sales,Life Sciences,5993,6,4
1,49,Male,279,Research & Development,Life Sciences,5130,10,7
2,37,Male,1373,Research & Development,Other,2090,0,0
3,33,Female,1392,Research & Development,Life Sciences,2909,8,7
4,27,Male,591,Research & Development,Medical,3468,2,2
5,32,Male,1005,Research & Development,Life Sciences,3068,7,7
6,59,Female,1324,Research & Development,Medical,2670,1,0
7,30,Male,1358,Research & Development,Life Sciences,2693,1,0
8,38,Male,216,Research & Development,Life Sciences,9526,9,7
9,36,Male,1299,Research & Development,Medical,5237,7,7
10,35,Male,809,Research & Development,Medical,2426,5,4
11,29,Female,153,Research & Development,Life Sciences,4193,9,5
12,31,Male,670,Research & Development,Life Sciences,2911,5,2
13,34,Male,1346,Research & Development,Medical,2661,2,2
14,28,Male,103,Research & Development,Life Sciences,2028,4,2
15,29,Female,1389,Research & Development,Life Sciences,9980,10,9
16,32,Male,334,Research & Development,Life Sciences,3298,6,2
17,22,Male,1123,Research & Development,Medical,2935,1,0
18,53,Female,1219,Sales,Life Sciences,15427,25,8
19,38,Male,371,Research & Development,Life Sciences,3944,3,2
20,24,Female,673,Research & Development,Other,4011,4,2
21,36,Male,1218,Sales,Life Sciences,3407,5,3
22,34,Female,419,Research & Development,Life Sciences,11994,12,6
23,21,Male,391,Research & Development,Life Sciences,1232,0,0
24,34,Male,699,Research & Development,Medical,2960,4,2
25,53,Female,1282,Research & Development,Other,19094,14,13
26,32,Female,1125,Research & Development,Life Sciences,3919,10,2
27,42,Male,691,Sales,Marketing,6825,9,7
28,44,Female,477,Research & Development,Medical,10248,22,6
29,46,Female,705,Sales,Marketing,18947,2,2
30,33,Male,924,Research & Development,Medical,2496,1,1
31,44,Male,1459,Research & Development,Other,6465,4,2
32,30,Male,125,Research & Development,Medical,2206,10,0
33,39,Male,895,Sales,Technical Degree,2086,1,0
34,24,Male,813,Research & Development,Medical,2293,2,0
35,43,Female,1273,Research & Development,Medical,2645,5,3
36,50,Male,869,Sales,Marketing,2683,3,2
37,35,Female,890,Sales,Marketing,2014,2,2
38,36,Female,852,Research & Development,Life Sciences,3419,1,1
39,33,Female,1141,Sales,Life Sciences,5376,5,3
40,35,Male,464,Research & Development,Other,1951,1,0
41,27,Female,1240,Research & Development,Life Sciences,2341,1,0
42,26,Male,1357,Research & Development,Life Sciences,2293,1,0
43,27,Male,994,Sales,Life Sciences,8726,9,8
44,30,Female,721,Research & Development,Medical,4011,12,8
45,41,Female,1360,Research & Development,Technical Degree,19545,22,15
46,34,Male,1065,Sales,Marketing,4568,9,5
47,37,Male,408,Research & Development,Life Sciences,3022,1,0
48,46,Male,1211,Sales,Marketing,5772,9,6
49,35,Male,1229,Research & Development,Life Sciences,2269,1,0
50,48,Male,626,Research & Development,Life Sciences,5381,1,0
51,28,Male,1434,Research & Development,Technical Degree,3441,2,2
52,44,Female,1488,Sales,Marketing,5454,4,3
53,35,Male,1097,Research & Development,Medical,9884,4,0
54,26,Female,1443,Sales,Marketing,4157,2,2
55,33,Female,515,Research & Development,Life Sciences,13458,15,14
56,35,Male,853,Sales,Life Sciences,9069,9,8
57,35,Female,1142,Research & Development,Medical,4014,2,2
58,31,Male,655,Research & Development,Life Sciences,5915,7,7
59,37,Male,1115,Research & Development,Life Sciences,5993,7,5
60,32,Male,427,Research & Development,Medical,6162,9,8
61,38,Female,653,Research & Development,Life Sciences,2406,10,3
62,50,Female,989,Research & Development,Medical,18740,27,3
63,59,Female,1435,Sales,Life Sciences,7637,21,16
64,36,Female,1223,Research & Development,Technical Degree,10096,17,14
65,55,Female,836,Research & Development,Medical,14756,5,0
66,36,Male,1195,Research & Development,Life Sciences,6499,6,5
67,45,Male,1339,Research & Development,Life Sciences,9724,1,0
68,35,Male,664,Research & Development,Medical,2194,3,2
69,36,Male,318,Research & Development,Medical,3388,1,0
70,59,Female,1225,Sales,Life Sciences,5473,4,3
71,29,Male,1328,Research & Development,Life Sciences,2703,5,4
72,31,Male,1082,Research & Development,Medical,2501,1,1
73,32,Male,548,Research & Development,Life Sciences,6220,10,4
74,36,Female,132,Research & Development,Life Sciences,3038,1,0
75,31,Female,746,Research & Development,Life Sciences,4424,11,7
76,35,Male,776,Sales,Marketing,4312,15,13
77,45,Male,193,Research & Development,Other,13245,0,0
78,37,Male,397,Research & Development,Medical,13664,5,2
79,46,Male,945,Human Resources,Medical,5021,4,2
80,30,Male,852,Research & Development,Life Sciences,5126,10,8
81,35,Male,1214,Research & Development,Medical,2859,6,4
82,55,Male,111,Sales,Life Sciences,10239,1,0
83,38,Female,573,Research & Development,Medical,5329,13,11
84,34,Male,1153,Research & Development,Medical,4325,5,2
85,56,Male,1400,Research & Development,Life Sciences,7260,6,4
86,23,Male,541,Sales,Technical Degree,2322,0,0
87,51,Male,432,Research & Development,Life Sciences,2075,4,2
88,30,Male,288,Research & Development,Life Sciences,4152,11,10
89,46,Male,669,Sales,Medical,9619,9,8
90,40,Male,530,Research & Development,Life Sciences,13503,22,3
91,51,Male,632,Sales,Marketing,5441,10,7
92,30,Female,1334,Sales,Medical,5209,11,8
93,46,Male,638,Research & Development,Medical,10673,10,9
94,32,Male,1093,Sales,Medical,5010,11,8
95,54,Female,1217,Research & Development,Technical Degree,13549,4,3
96,24,Female,1353,Sales,Other,4999,3,2
97,28,Male,120,Sales,Medical,4221,5,4
98,58,Male,682,Sales,Medical,13872,37,10
99,44,Male,489,Research & Development,Medical,2042,3,2
100,37,Male,807,Human Resources,Human Resources,2073,3,2
101,32,Male,827,Research & Development,Life Sciences,2956,1,0
102,20,Female,871,Research & Development,Life Sciences,2926,1,0
103,34,Female,665,Research & Development,Other,4809,16,13
104,37,Male,1040,Research & Development,Life Sciences,5163,1,0
105,59,Female,1420,Human Resources,Human Resources,18844,3,2
106,50,Female,1115,Research & Development,Life Sciences,18172,8,3
107,25,Male,240,Sales,Marketing,5744,6,4
108,25,Male,1280,Research & Development,Medical,2889,2,2
109,22,Female,534,Research & Development,Medical,2871,0,0
110,51,Female,1456,Research & Development,Medical,7484,13,12
111,34,Male,658,Research & Development,Life Sciences,6074,9,7
112,54,Female,142,Human Resources,Human Resources,17328,5,3
113,24,Male,1127,Research & Development,Life Sciences,2774,5,3
114,34,Female,1031,Research & Development,Life Sciences,4505,1,0
115,37,Male,1189,Sales,Life Sciences,7428,5,3
116,34,Female,1354,Research & Development,Medical,11631,11,10
117,36,Female,1467,Sales,Technical Degree,9738,9,7
118,36,Female,922,Research & Development,Life Sciences,2835,1,0
119,43,Male,394,Sales,Life Sciences,16959,25,12
120,30,Male,1312,Research & Development,Life Sciences,2613,10,7
121,33,Male,750,Sales,Marketing,6146,7,7
122,56,Female,441,Research & Development,Life Sciences,4963,5,4
123,51,Male,684,Research & Development,Life Sciences,19537,20,18
124,31,Male,249,Sales,Life Sciences,6172,7,7
125,26,Female,841,Research & Development,Other,2368,5,4
126,58,Female,147,Research & Development,Medical,10312,40,10
127,19,Male,528,Sales,Marketing,1675,0,0
128,22,Male,594,Research & Development,Technical Degree,2523,2,1
129,49,Female,470,Research & Development,Medical,6567,15,11
130,43,Female,957,Research & Development,Medical,4739,3,2
131,50,Female,809,Sales,Marketing,9208,2,2
132,31,Female,542,Sales,Life Sciences,4559,2,2
133,41,Male,802,Sales,Life Sciences,8189,9,7
134,26,Female,1355,Human Resources,Life Sciences,2942,8,7
135,36,Male,216,Research & Development,Medical,4941,3,2
136,51,Male,1150,Research & Development,Life Sciences,10650,4,2
137,39,Female,1329,Sales,Life Sciences,5902,15,11
138,25,Male,959,Sales,Life Sciences,8639,2,2
139,30,Male,1240,Human Resources,Human Resources,6347,11,9
140,32,Female,1033,Research & Development,Medical,4200,5,4
141,45,Male,1316,Research & Development,Medical,3452,6,5
142,38,Female,364,Research & Development,Technical Degree,4317,3,2
143,30,Female,438,Research & Development,Life Sciences,2632,5,4
144,32,Male,689,Sales,Medical,4668,8,7
145,30,Female,201,Research & Development,Technical Degree,3204,3,2
146,30,Male,1427,Research & Development,Medical,2720,5,3
147,41,Male,857,Research & Development,Life Sciences,17181,7,6
148,41,Male,933,Research & Development,Life Sciences,2238,5,0
149,19,Female,1181,Research & Development,Medical,1483,1,0
150,40,Female,1395,Research & Development,Medical,5605,20,7
151,35,Male,662,Sales,Marketing,7295,10,8
152,53,Male,1436,Sales,Marketing,2306,7,7
153,45,Male,194,Research & Development,Life Sciences,2348,17,9
154,32,Female,967,Sales,Marketing,8998,9,8
155,29,Male,1496,Research & Development,Technical Degree,4319,10,7
156,51,Male,1169,Research & Development,Medical,6132,1,0
157,58,Female,1145,Research & Development,Medical,3346,1,0
158,40,Male,630,Sales,Marketing,10855,12,11
159,34,Female,303,Sales,Marketing,2231,4,3
160,22,Male,1256,Research & Development,Medical,2323,2,2
161,27,Male,691,Research & Development,Medical,2024,2,2
162,28,Male,440,Research & Development,Medical,2713,5,2
163,57,Male,334,Research & Development,Life Sciences,9439,5,3
164,27,Male,1450,Research & Development,Medical,2566,1,1
165,50,Female,1452,Research & Development,Life Sciences,19926,5,4
166,41,Male,465,Research & Development,Life Sciences,2451,9,8
167,30,Female,1339,Sales,Life Sciences,9419,10,9
168,38,Female,702,Sales,Life Sciences,8686,8,3
169,32,Male,120,Research & Development,Life Sciences,3038,5,4
170,27,Male,1157,Research & Development,Technical Degree,3058,5,2
171,19,Female,602,Sales,Technical Degree,2325,0,0
172,36,Male,1480,Research & Development,Medical,2088,8,7
173,30,Male,111,Research & Development,Medical,3072,12,9
174,45,Female,1268,Sales,Life Sciences,5006,5,4
175,56,Female,713,Research & Development,Life Sciences,4257,2,2
176,33,Male,134,Research & Development,Life Sciences,2500,3,1
177,19,Male,303,Research & Development,Life Sciences,1102,1,0
178,46,Female,526,Sales,Marketing,10453,24,13
179,38,Female,1380,Research & Development,Life Sciences,2288,2,2
180,31,Female,140,Research & Development,Medical,3929,4,2
181,34,Female,629,Research & Development,Medical,2311,3,2
182,41,Female,1356,Sales,Marketing,3140,4,3
183,50,Male,328,Research & Development,Medical,3690,3,2
184,53,Female,1084,Research & Development,Medical,4450,4,2
185,33,Female,931,Research & Development,Medical,2756,8,7
186,40,Female,989,Research & Development,Medical,19033,20,8
187,55,Male,692,Research & Development,Medical,18722,24,15
188,34,Male,1069,Research & Development,Life Sciences,9547,10,9
189,51,Female,313,Research & Development,Medical,13734,7,7
190,52,Male,699,Research & Development,Life Sciences,19999,33,18
191,27,Female,894,Research & Development,Medical,2279,7,7
192,35,Male,556,Research & Development,Life Sciences,5916,1,0
193,43,Male,1344,Research & Development,Medical,2089,5,4
194,45,Male,1195,Research & Development,Medical,16792,20,8
195,37,Male,290,Research & Development,Life Sciences,3564,8,7
196,35,Female,138,Research & Development,Medical,4425,6,2
197,42,Female,926,Research & Development,Medical,5265,5,3
198,38,Male,1261,Research & Development,Life Sciences,6553,1,0
199,38,Male,1084,Research & Development,Technical Degree,6261,7,7
200,27,Male,472,Research & Development,Technical Degree,4298,2,2
201,49,Male,1002,Research & Development,Life Sciences,6804,7,7
202,34,Male,878,Research & Development,Medical,3815,5,3
203,40,Male,905,Research & Development,Medical,2741,7,2
204,38,Male,1180,Research & Development,Medical,6673,1,0
205,29,Female,121,Sales,Marketing,7639,10,4
206,22,Male,1136,Research & Development,Life Sciences,2328,4,2
207,36,Female,635,Research & Development,Medical,2153,8,1
208,40,Male,1151,Research & Development,Life Sciences,4876,3,2
209,46,Male,644,Research & Development,Medical,9396,4,2
210,32,Male,1045,Sales,Medical,10400,14,8
211,30,Male,829,Research & Development,Life Sciences,8474,11,8
212,27,Female,1242,Sales,Life Sciences,9981,7,7
213,51,Male,1469,Research & Development,Life Sciences,12490,10,9
214,30,Female,1005,Research & Development,Technical Degree,2657,5,2
215,41,Female,896,Sales,Life Sciences,13591,1,0
216,30,Female,334,Sales,Marketing,6696,6,3
217,29,Male,992,Research & Development,Technical Degree,2058,6,2
218,45,Female,1052,Sales,Medical,8865,19,7
219,54,Female,1147,Sales,Marketing,5940,6,2
220,36,Male,1396,Research & Development,Life Sciences,5914,13,11
221,33,Female,147,Research & Development,Medical,2622,3,2
222,37,Male,663,Research & Development,Other,12185,10,8
223,38,Male,119,Sales,Life Sciences,10609,16,10
224,31,Male,979,Research & Development,Medical,4345,5,4
225,59,Male,142,Research & Development,Life Sciences,2177,1,0
226,37,Male,319,Sales,Marketing,2793,9,8
227,29,Female,1413,Sales,Medical,7918,11,10
228,35,Female,944,Sales,Marketing,8789,10,7
229,29,Male,896,Research & Development,Medical,2389,4,3
230,52,Female,1323,Research & Development,Life Sciences,3212,2,2
231,42,Male,532,Research & Development,Technical Degree,19232,22,17
232,59,Male,818,Human Resources,Medical,2267,2,2
233,50,Female,854,Sales,Medical,19517,7,0
234,33,Male,813,Research & Development,Medical,2436,5,4
235,43,Female,1034,Sales,Marketing,16064,17,13
236,33,Female,465,Research & Development,Life Sciences,2707,9,7
237,52,Male,771,Sales,Life Sciences,19068,33,7
238,32,Female,1401,Sales,Life Sciences,3931,4,3
239,32,Male,515,Research & Development,Life Sciences,3730,3,2
240,39,Female,1431,Research & Development,Medical,2232,3,2
241,32,Male,976,Sales,Marketing,4465,3,2
242,41,Male,1411,Research & Development,Life Sciences,3072,1,0
243,40,Male,1300,Research & Development,Technical Degree,3319,9,8
244,45,Male,252,Research & Development,Other,19202,24,0
245,31,Male,1327,Research & Development,Medical,13675,2,2
246,33,Female,832,Research & Development,Life Sciences,2911,2,2
247,34,Male,470,Research & Development,Life Sciences,5957,11,9
248,37,Female,1017,Research & Development,Medical,3920,3,1
249,45,Male,1199,Research & Development,Life Sciences,6434,3,2
250,37,Male,504,Research & Development,Medical,10048,1,0
251,39,Female,505,Research & Development,Technical Degree,10938,19,6
252,29,Male,665,Research & Development,Life Sciences,2340,6,5
253,42,Female,916,Research & Development,Life Sciences,6545,3,2
254,29,Male,1247,Sales,Marketing,6931,3,2
255,25,Female,685,Research & Development,Life Sciences,4898,4,2
256,42,Female,269,Research & Development,Medical,2593,9,6
257,40,Male,1416,Research & Development,Medical,19436,21,7
258,51,Male,833,Research & Development,Life Sciences,2723,1,0
259,31,Male,307,Research & Development,Medical,3479,5,4
260,32,Male,1311,Research & Development,Life Sciences,2794,5,1
261,38,Male,1327,Sales,Life Sciences,5249,8,7
262,32,Male,128,Research & Development,Technical Degree,2176,6,2
263,46,Female,488,Sales,Technical Degree,16872,7,7
264,28,Male,529,Research & Development,Life Sciences,3485,0,0
265,29,Male,1210,Sales,Medical,6644,0,0
266,31,Male,1463,Research & Development,Medical,5582,9,0
267,25,Male,675,Research & Development,Life Sciences,4000,6,3
268,45,Male,1385,Research & Development,Medical,13496,20,7
269,36,Male,1403,Research & Development,Life Sciences,3210,15,13
270,55,Male,452,Research & Development,Medical,19045,36,10
271,47,Male,666,Research & Development,Life Sciences,11849,10,7
272,28,Male,1158,Research & Development,Medical,2070,5,2
273,37,Male,228,Sales,Medical,6502,5,4
274,21,Male,996,Research & Development,Medical,3230,3,2
275,37,Female,728,Research & Development,Medical,13603,5,2
276,35,Female,1315,Research & Development,Life Sciences,11996,7,7
277,38,Female,322,Sales,Medical,5605,8,0
278,26,Female,1479,Research & Development,Life Sciences,6397,6,5
279,50,Male,797,Research & Development,Life Sciences,19144,10,4
280,53,Male,1070,Research & Development,Medical,17584,5,3
281,42,Male,635,Sales,Life Sciences,4907,20,16
282,29,Male,442,Sales,Life Sciences,4554,10,7
283,55,Male,147,Research & Development,Technical Degree,5415,10,7
284,26,Male,496,Research & Development,Medical,4741,5,3
285,37,Female,1372,Research & Development,Life Sciences,2115,17,12
286,44,Male,920,Research & Development,Life Sciences,3161,1,0
287,38,Male,688,Research & Development,Life Sciences,5745,2,2
288,26,Male,1449,Research & Development,Medical,2373,3,2
289,28,Female,1117,Research & Development,Life Sciences,3310,5,3
290,49,Female,636,Research & Development,Life Sciences,18665,3,2
291,36,Male,506,Research & Development,Technical Degree,4485,8,0
292,31,Female,444,Sales,Marketing,2789,2,2
293,26,Male,950,Sales,Marketing,5828,8,7
294,37,Male,889,Research & Development,Medical,2326,4,2
295,42,Female,555,Sales,Marketing,13525,20,4
296,18,Male,230,Research & Development,Life Sciences,1420,0,0
297,35,Male,1232,Sales,Marketing,8020,11,9
298,36,Male,566,Research & Development,Life Sciences,3688,1,0
299,51,Male,1302,Research & Development,Medical,5482,4,1
300,41,Male,334,Sales,Life Sciences,16015,22,10
301,18,Female,812,Sales,Medical,1200,0,0
302,28,Male,1476,Research & Development,Medical,5661,8,3
303,31,Male,218,Sales,Technical Degree,6929,8,7
304,39,Male,1132,Research & Development,Medical,9613,18,10
305,36,Female,1105,Research & Development,Life Sciences,5674,9,8
306,32,Male,906,Sales,Life Sciences,5484,13,8
307,38,Female,849,Research & Development,Life Sciences,12061,10,8
308,58,Male,390,Research & Development,Life Sciences,5660,5,3
309,31,Male,691,Research & Development,Technical Degree,4821,5,2
310,31,Male,106,Human Resources,Human Resources,6410,2,2
311,45,Male,1249,Research & Development,Life Sciences,5210,24,9
312,31,Male,192,Research & Development,Life Sciences,2695,2,2
313,33,Female,553,Research & Development,Life Sciences,11878,10,6
314,39,Male,117,Research & Development,Medical,17068,21,9
315,43,Female,185,Research & Development,Life Sciences,2455,8,7
316,49,Female,1091,Research & Development,Technical Degree,13964,7,1
317,52,Male,723,Research & Development,Medical,4941,8,2
318,27,Female,1220,Research & Development,Life Sciences,2478,4,3
319,32,Female,588,Sales,Technical Degree,5228,13,12
320,27,Male,1377,Sales,Life Sciences,4478,5,4
321,31,Male,691,Sales,Marketing,7547,7,7
322,32,Female,1018,Research & Development,Medical,5055,7,7
323,28,Male,1157,Research & Development,Medical,3464,3,2
324,30,Female,1275,Research & Development,Medical,5775,10,8
325,31,Female,798,Research & Development,Life Sciences,8943,10,9
326,39,Male,672,Research & Development,Medical,19272,21,9
327,39,Female,1162,Sales,Medical,5238,1,0
328,33,Male,508,Sales,Marketing,4682,7,7
329,47,Male,1482,Research & Development,Life Sciences,18300,3,2
330,43,Female,559,Research & Development,Life Sciences,5257,9,7
331,27,Male,210,Sales,Marketing,6349,5,4
332,54,Female,928,Research & Development,Life Sciences,4869,4,3
333,43,Female,1001,Research & Development,Life Sciences,9985,1,0
334,45,Male,549,Research & Development,Other,3697,10,9
335,40,Male,1124,Sales,Medical,7457,4,3
336,29,Male,318,Research & Development,Other,2119,7,7
337,29,Male,738,Research & Development,Other,3983,3,2
338,30,Female,570,Sales,Marketing,6118,10,9
339,27,Female,1130,Sales,Marketing,6214,8,7
340,37,Male,1192,Research & Development,Medical,6347,6,2
341,38,Male,343,Research & Development,Life Sciences,11510,11,10
342,31,Female,1232,Research & Development,Medical,7143,11,9
343,29,Female,144,Sales,Marketing,8268,7,7
344,35,Male,1296,Research & Development,Technical Degree,8095,16,6
345,23,Male,1309,Research & Development,Life Sciences,2904,4,2
346,41,Male,483,Research & Development,Medical,6032,5,4
347,47,Male,1309,Sales,Medical,2976,0,0
348,42,Female,810,Research & Development,Life Sciences,15992,1,0
349,29,Male,746,Sales,Life Sciences,4649,4,3
350,42,Male,544,Human Resources,Technical Degree,2696,3,2
351,32,Female,1062,Research & Development,Medical,2370,8,0
352,48,Female,530,Sales,Medical,12504,0,0
353,37,Male,1319,Research & Development,Medical,5974,7,7
354,30,Female,641,Sales,Technical Degree,4736,2,2
355,26,Male,933,Sales,Life Sciences,5296,8,7
356,42,Male,1332,Research & Development,Other,6781,1,0
357,21,Female,756,Sales,Technical Degree,2174,3,2
358,36,Female,845,Sales,Medical,6653,1,0
359,36,Male,541,Sales,Medical,9699,13,9
360,57,Male,593,Research & Development,Medical,6755,3,2
361,40,Female,1171,Research & Development,Life Sciences,2213,7,7
362,21,Male,895,Sales,Medical,2610,3,2
363,33,Female,350,Sales,Marketing,2851,1,0
364,37,Female,921,Research & Development,Medical,3452,5,4
365,46,Female,1144,Research & Development,Medical,5258,1,0
366,41,Male,143,Sales,Marketing,9355,8,7
367,50,Male,1046,Research & Development,Technical Degree,10496,4,3
368,40,Male,575,Sales,Marketing,6380,6,4
369,31,Male,408,Research & Development,Life Sciences,2657,2,2
370,21,Female,156,Sales,Life Sciences,2716,1,0
371,29,Male,1283,Research & Development,Life Sciences,2201,3,2
372,35,Male,755,Research & Development,Life Sciences,6540,1,1
373,27,Male,1469,Research & Development,Medical,3816,5,2
374,28,Male,304,Sales,Life Sciences,5253,7,5
375,49,Male,1261,Research & Development,Other,10965,5,2
376,51,Female,1178,Sales,Life Sciences,4936,7,7
377,36,Female,329,Research & Development,Life Sciences,2543,2,2
378,34,Male,1362,Sales,Marketing,5304,5,2
379,55,Female,1311,Research & Development,Life Sciences,16659,5,4
380,24,Female,1371,Sales,Marketing,4260,5,2
381,30,Male,202,Sales,Technical Degree,2476,1,0
382,26,Male,575,Research & Development,Technical Degree,3102,6,4
383,22,Female,253,Research & Development,Medical,2244,2,1
384,36,Male,164,Sales,Medical,7596,10,9
385,30,Male,464,Research & Development,Technical Degree,2285,1,0
386,37,Female,1107,Research & Development,Life Sciences,3034,18,7
387,40,Female,759,Sales,Marketing,5715,5,4
388,42,Female,201,Research & Development,Life Sciences,2576,5,2
389,37,Male,1305,Research & Development,Life Sciences,4197,1,0
390,43,Male,982,Research & Development,Life Sciences,14336,25,10
391,40,Female,555,Research & Development,Medical,3448,1,0
392,54,Male,821,Research & Development,Medical,19406,4,2
393,34,Female,1381,Sales,Marketing,6538,3,2
394,31,Female,480,Research & Development,Medical,4306,13,10
395,43,Male,313,Research & Development,Medical,2258,3,2
396,43,Female,1473,Research & Development,Other,4522,5,2
397,25,Female,891,Sales,Life Sciences,4487,5,4
398,37,Female,1063,Research & Development,Medical,4449,13,11
399,31,Male,329,Research & Development,Life Sciences,2218,4,2
400,39,Male,1218,Research & Development,Life Sciences,19197,21,8
401,56,Female,906,Sales,Life Sciences,13212,7,7
402,30,Female,1082,Sales,Technical Degree,6577,5,4
403,41,Male,645,Sales,Marketing,8392,10,7
404,28,Male,1300,Research & Development,Medical,4558,10,0
405,25,Male,688,Research & Development,Medical,4031,2,2
406,52,Male,319,Research & Development,Medical,7969,5,4
407,45,Male,192,Research & Development,Life Sciences,2654,2,2
408,52,Female,1490,Research & Development,Life Sciences,16555,5,2
409,42,Female,532,Research & Development,Life Sciences,4556,5,4
410,30,Female,317,Research & Development,Life Sciences,6091,5,4
411,60,Female,422,Research & Development,Life Sciences,19566,29,8
412,46,Female,1485,Research & Development,Medical,4810,10,7
413,42,Female,1368,Research & Development,Technical Degree,4523,6,5
414,24,Female,1448,Sales,Technical Degree,3202,5,3
415,34,Female,296,Sales,Marketing,2351,2,2
416,38,Male,1490,Research & Development,Life Sciences,1702,1,0
417,40,Female,1398,Sales,Life Sciences,18041,20,15
418,26,Female,1349,Research & Development,Life Sciences,2886,3,2
419,30,Male,1400,Research & Development,Life Sciences,2097,5,3
420,29,Male,986,Research & Development,Medical,11935,10,2
421,29,Female,408,Research & Development,Technical Degree,2546,2,2
422,19,Male,489,Human Resources,Technical Degree,2564,1,0
423,30,Female,1398,Sales,Other,8412,9,8
424,57,Male,210,Sales,Marketing,14118,1,0
425,50,Male,1099,Research & Development,Life Sciences,17046,27,10
426,30,Female,1116,Research & Development,Medical,2564,11,7
427,60,Female,1499,Sales,Marketing,10266,18,13
428,47,Female,983,Research & Development,Medical,5070,5,0
429,46,Male,1009,Research & Development,Life Sciences,17861,3,2
430,35,Male,144,Research & Development,Life Sciences,4230,5,4
431,54,Female,548,Research & Development,Life Sciences,3780,1,0
432,34,Male,1303,Research & Development,Life Sciences,2768,7,3
433,46,Female,1125,Sales,Marketing,9071,3,2
434,31,Male,1274,Research & Development,Life Sciences,10648,13,8
435,33,Male,1277,Research & Development,Medical,13610,7,6
436,33,Male,587,Research & Development,Medical,3408,4,3
437,30,Male,413,Sales,Marketing,2983,3,2
438,35,Male,1276,Research & Development,Life Sciences,7632,8,7
439,31,Male,534,Research & Development,Life Sciences,9824,1,0
440,34,Female,988,Human Resources,Human Resources,9950,3,2
441,42,Male,1474,Research & Development,Other,2093,2,2
442,36,Male,635,Sales,Medical,9980,10,3
443,22,Male,1368,Research & Development,Technical Degree,3894,2,2
444,48,Female,163,Sales,Marketing,4051,9,7
445,55,Female,1117,Sales,Life Sciences,16835,10,9
446,41,Male,267,Sales,Life Sciences,6230,14,3
447,35,Male,619,Sales,Marketing,4717,11,9
448,40,Female,302,Research & Development,Life Sciences,13237,20,6
449,39,Female,443,Research & Development,Life Sciences,3755,8,3
450,31,Male,828,Sales,Life Sciences,6582,6,5
451,42,Male,319,Research & Development,Medical,7406,10,9
452,45,Male,561,Sales,Other,4805,8,7
453,26,Female,426,Human Resources,Life Sciences,2741,7,7
454,29,Male,232,Research & Development,Technical Degree,4262,3,2
455,33,Female,922,Research & Development,Medical,16184,6,1
456,31,Male,688,Sales,Life Sciences,11557,5,4
457,18,Male,1306,Sales,Marketing,1878,0,0
458,40,Male,1094,Sales,Other,10932,1,0
459,41,Female,509,Research & Development,Other,6811,8,7
460,26,Male,775,Sales,Medical,4306,0,0
461,35,Female,195,Sales,Medical,4859,5,4
462,34,Male,258,Sales,Life Sciences,5337,10,7
463,26,Male,471,Research & Development,Technical Degree,2340,1,0
464,37,Female,799,Research & Development,Technical Degree,7491,6,5
465,46,Female,1034,Research & Development,Medical,10527,2,2
466,41,Female,1276,Sales,Life Sciences,16595,18,16
467,37,Male,142,Sales,Medical,8834,9,5
468,52,Male,956,Research & Development,Technical Degree,5577,10,9
469,32,Male,1474,Sales,Other,4707,4,2
470,24,Male,535,Sales,Medical,2400,2,2
471,38,Female,1495,Research & Development,Medical,9824,1,0
472,37,Female,446,Research & Development,Life Sciences,6447,6,5
473,49,Male,1245,Research & Development,Life Sciences,19502,31,9
474,24,Male,691,Research & Development,Medical,2725,6,5
475,26,Male,703,Sales,Marketing,6272,5,3
476,24,Male,823,Research & Development,Other,2127,1,0
477,50,Male,1246,Human Resources,Medical,18200,32,5
478,25,Male,622,Sales,Medical,2096,7,4
479,24,Female,1287,Research & Development,Life Sciences,2886,6,3
480,30,Male,448,Sales,Life Sciences,2033,1,0
481,34,Male,254,Research & Development,Life Sciences,3622,6,5
482,31,Male,1365,Sales,Medical,4233,3,1
483,35,Male,538,Research & Development,Other,3681,3,2
484,31,Male,525,Sales,Medical,5460,7,7
485,27,Female,798,Research & Development,Medical,2187,5,3
486,37,Male,558,Sales,Marketing,9602,3,0
487,20,Female,959,Research & Development,Life Sciences,2836,1,0
488,42,Female,622,Research & Development,Life Sciences,4089,10,2
489,43,Male,782,Research & Development,Other,16627,1,0
490,38,Female,362,Research & Development,Life Sciences,2619,0,0
491,43,Male,1001,Research & Development,Medical,5679,8,7
492,48,Female,1236,Research & Development,Life Sciences,15402,3,2
493,44,Female,1112,Human Resources,Life Sciences,5985,2,2
494,34,Female,204,Sales,Technical Degree,2579,8,2
495,27,Male,1420,Sales,Marketing,3041,4,3
496,21,Male,1343,Sales,Technical Degree,3447,3,2
497,44,Male,1315,Research & Development,Other,19513,2,2
498,22,Male,604,Research & Development,Medical,2773,2,2
499,33,Male,1216,Sales,Marketing,7104,5,0
500,32,Female,646,Research & Development,Life Sciences,6322,6,4
501,30,Female,160,Research & Development,Medical,2083,1,0
502,53,Female,238,Sales,Medical,8381,14,7
503,34,Male,1397,Research & Development,Life Sciences,2691,10,9
504,45,Female,306,Sales,Life Sciences,4286,1,1
505,26,Female,991,Research & Development,Life Sciences,2659,3,2
506,37,Male,482,Research & Development,Other,9434,10,7
507,29,Female,1176,Sales,Medical,5561,6,0
508,35,Male,1017,Research & Development,Life Sciences,6646,17,11
509,33,Male,1296,Research & Development,Life Sciences,7725,13,11
510,54,Male,397,Human Resources,Medical,10725,9,7
511,36,Male,913,Research & Development,Medical,8847,3,2
512,27,Male,1115,Research & Development,Medical,2045,4,2
513,20,Male,1362,Research & Development,Medical,1009,1,0
514,33,Male,1076,Research & Development,Life Sciences,3348,10,8
515,35,Male,727,Research & Development,Life Sciences,1281,1,0
516,23,Male,885,Research & Development,Medical,2819,3,2
517,25,Male,810,Sales,Life Sciences,4851,3,2
518,38,Female,243,Sales,Marketing,4028,7,7
519,29,Male,806,Research & Development,Life Sciences,2720,10,7
520,48,Male,817,Sales,Marketing,8120,2,2
521,27,Female,1410,Sales,Medical,4647,6,5
522,37,Male,1225,Research & Development,Life Sciences,4680,1,0
523,50,Male,1207,Research & Development,Medical,3221,20,8
524,34,Female,1442,Research & Development,Medical,8621,8,7
525,24,Female,693,Sales,Life Sciences,4577,2,2
526,39,Female,408,Research & Development,Technical Degree,4553,20,7
527,32,Male,929,Sales,Marketing,5396,10,7
528,50,Male,562,Sales,Technical Degree,6796,4,3
529,38,Female,827,Research & Development,Life Sciences,7625,9,7
530,27,Female,608,Research & Development,Life Sciences,7412,9,7
531,32,Female,1018,Research & Development,Life Sciences,11159,7,7
532,47,Male,703,Sales,Marketing,4960,7,7
533,40,Male,580,Sales,Life Sciences,10475,18,13
534,53,Male,970,Research & Development,Life Sciences,14814,5,1
535,41,Male,427,Human Resources,Human Resources,19141,21,6
536,60,Male,1179,Sales,Marketing,5405,2,2
537,27,Male,294,Research & Development,Life Sciences,8793,9,7
538,41,Male,314,Human Resources,Human Resources,19189,22,7
539,50,Male,316,Sales,Marketing,3875,2,2
540,28,Female,654,Research & Development,Life Sciences,2216,7,7
541,36,Female,427,Research & Development,Life Sciences,11713,8,7
542,38,Female,168,Research & Development,Life Sciences,7861,1,0
543,44,Male,381,Research & Development,Medical,3708,5,2
544,47,Female,217,Sales,Medical,13770,22,2
545,30,Male,501,Sales,Marketing,5304,8,7
546,29,Male,1396,Sales,Life Sciences,2642,1,0
547,42,Male,933,Research & Development,Medical,2759,2,2
548,43,Male,775,Sales,Life Sciences,6804,2,2
549,34,Female,970,Research & Development,Medical,6142,5,1
550,23,Male,650,Research & Development,Medical,2500,4,3
551,39,Female,141,Human Resources,Human Resources,6389,8,3
552,56,Male,832,Research & Development,Medical,11103,10,7
553,40,Female,804,Research & Development,Medical,2342,4,2
554,27,Female,975,Research & Development,Medical,6811,7,6
555,29,Male,1090,Sales,Marketing,2297,2,2
556,53,Male,346,Research & Development,Life Sciences,2450,2,2
557,35,Female,1225,Research & Development,Life Sciences,5093,1,0
558,32,Male,430,Research & Development,Life Sciences,5309,10,8
559,38,Male,268,Research & Development,Medical,3057,1,0
560,34,Female,167,Research & Development,Life Sciences,5121,0,0
561,52,Male,621,Sales,Marketing,16856,34,6
562,33,Male,527,Research & Development,Other,2686,10,9
563,25,Female,883,Sales,Medical,6180,6,5
564,45,Male,954,Sales,Technical Degree,6632,8,7
565,23,Male,310,Research & Development,Medical,3505,2,2
566,47,Female,719,Sales,Life Sciences,6397,5,4
567,34,Male,304,Sales,Other,6274,6,5
568,55,Male,725,Research & Development,Medical,19859,5,2
569,36,Male,1434,Sales,Life Sciences,7587,10,7
570,52,Male,715,Research & Development,Medical,4258,4,3
571,26,Female,575,Research & Development,Life Sciences,4364,2,2
572,29,Female,657,Research & Development,Medical,4335,8,7
573,26,Male,1146,Sales,Technical Degree,5326,4,3
574,34,Female,182,Research & Development,Life Sciences,3280,4,2
575,54,Female,376,Research & Development,Medical,5485,5,3
576,27,Male,829,Sales,Marketing,4342,4,2
577,37,Female,571,Research & Development,Life Sciences,2782,5,3
578,38,Female,240,Research & Development,Life Sciences,5980,15,7
579,34,Female,121,Research & Development,Medical,4381,6,5
580,35,Female,384,Sales,Life Sciences,2572,3,2
581,30,Male,921,Research & Development,Life Sciences,3833,2,2
582,40,Female,791,Research & Development,Medical,4244,8,7
583,34,Female,1111,Sales,Life Sciences,6500,3,2
584,42,Male,570,Research & Development,Life Sciences,18430,24,7
585,23,Male,1243,Research & Development,Life Sciences,1601,0,0
586,24,Male,1092,Research & Development,Life Sciences,2694,1,0
587,52,Female,1325,Research & Development,Life Sciences,3149,5,2
588,50,Male,691,Research & Development,Medical,17639,4,3
589,29,Female,805,Research & Development,Life Sciences,2319,1,0
590,33,Male,213,Research & Development,Medical,11691,13,9
591,33,Female,118,Sales,Marketing,5324,3,2
592,47,Female,202,Research & Development,Other,16752,26,14
593,36,Female,676,Research & Development,Other,5228,9,7
594,29,Male,1252,Research & Development,Life Sciences,2700,10,7
595,58,Male,286,Research & Development,Life Sciences,19246,31,15
596,35,Female,1258,Research & Development,Life Sciences,2506,2,2
597,42,Female,932,Research & Development,Life Sciences,6062,4,3
598,28,Male,890,Research & Development,Medical,4382,2,2
599,36,Male,1041,Human Resources,Human Resources,2143,5,2
600,32,Female,859,Research & Development,Life Sciences,6162,14,13
601,40,Male,720,Research & Development,Medical,5094,1,0
602,30,Female,946,Research & Development,Medical,6877,0,0
603,45,Female,252,Research & Development,Life Sciences,2274,1,0
604,42,Male,933,Research & Development,Life Sciences,4434,9,8
605,38,Male,471,Research & Development,Life Sciences,6288,4,3
606,34,Female,702,Research & Development,Life Sciences,2553,5,2
607,49,Female,1184,Sales,Marketing,7654,9,8
608,55,Male,436,Sales,Medical,5160,9,7
609,43,Male,589,Research & Development,Life Sciences,17159,4,1
610,27,Male,269,Research & Development,Technical Degree,12808,9,8
611,35,Male,950,Research & Development,Other,10221,8,5
612,28,Female,760,Sales,Marketing,4779,8,7
613,34,Male,829,Human Resources,Human Resources,3737,3,2
614,26,Female,887,Research & Development,Medical,2366,8,7
615,27,Male,443,Research & Development,Medical,1706,0,0
616,51,Female,1318,Sales,Marketing,16307,20,6
617,44,Male,625,Research & Development,Medical,5933,5,2
618,25,Male,180,Research & Development,Medical,3424,4,3
619,33,Male,586,Sales,Medical,4037,9,8
620,35,Female,1343,Research & Development,Medical,2559,6,5
621,36,Male,928,Sales,Life Sciences,6201,18,14
622,32,Male,117,Sales,Life Sciences,4403,5,2
623,30,Male,1012,Research & Development,Life Sciences,3761,5,4
624,53,Female,661,Sales,Marketing,10934,5,2
625,45,Male,930,Sales,Marketing,10761,5,4
626,32,Female,638,Research & Development,Medical,5175,5,3
627,52,Female,890,Research & Development,Medical,13826,9,8
628,37,Male,342,Sales,Marketing,6334,1,0
629,28,Male,1169,Human Resources,Medical,4936,5,1
630,22,Male,1230,Research & Development,Life Sciences,4775,2,2
631,44,Male,986,Research & Development,Life Sciences,2818,3,2
632,42,Male,1271,Research & Development,Medical,2515,2,1
633,36,Male,1278,Human Resources,Life Sciences,2342,5,4
634,25,Male,141,Sales,Other,4194,5,3
635,35,Female,607,Research & Development,Life Sciences,10685,17,14
636,35,Female,130,Research & Development,Life Sciences,2022,10,2
637,32,Male,300,Research & Development,Life Sciences,2314,3,0
638,25,Male,583,Sales,Marketing,4256,5,2
639,49,Female,1418,Research & Development,Technical Degree,3580,4,2
640,24,Male,1269,Research & Development,Life Sciences,3162,5,2
641,32,Male,379,Sales,Life Sciences,6524,10,8
642,38,Male,395,Sales,Marketing,2899,2,2
643,42,Female,1265,Research & Development,Life Sciences,5231,5,3
644,31,Male,1222,Research & Development,Life Sciences,2356,6,4
645,29,Female,341,Sales,Medical,2800,3,2
646,53,Male,868,Sales,Marketing,11836,2,0
647,35,Male,672,Research & Development,Technical Degree,10903,13,10
648,37,Female,1231,Sales,Medical,2973,5,4
649,53,Female,102,Research & Development,Life Sciences,14275,12,9
650,43,Female,422,Research & Development,Life Sciences,5562,5,2
651,47,Female,249,Sales,Marketing,4537,7,6
652,37,Male,1252,Sales,Medical,7642,10,0
653,50,Male,881,Research & Development,Life Sciences,17924,31,6
654,39,Female,1383,Human Resources,Life Sciences,5204,5,4
655,33,Male,1075,Human Resources,Human Resources,2277,4,3
656,32,Male,374,Research & Development,Life Sciences,2795,1,0
657,29,Female,1086,Research & Development,Medical,2532,4,3
658,44,Male,661,Research & Development,Life Sciences,2559,8,7
659,28,Male,821,Sales,Medical,4908,4,2
660,58,Male,781,Research & Development,Life Sciences,2380,1,0
661,43,Female,177,Research & Development,Life Sciences,4765,1,0
662,20,Female,500,Sales,Medical,2044,2,2
663,21,Female,1427,Research & Development,Other,2693,1,0
664,36,Male,1425,Research & Development,Life Sciences,6586,16,8
665,47,Female,1454,Sales,Life Sciences,3294,3,2
666,22,Female,617,Research & Development,Life Sciences,4171,3,2
667,41,Female,1085,Research & Development,Life Sciences,2778,7,7
668,28,Female,995,Research & Development,Medical,2377,2,2
669,39,Male,1122,Research & Development,Medical,2404,2,2
670,27,Female,618,Research & Development,Life Sciences,2318,1,1
671,34,Male,546,Research & Development,Life Sciences,2008,1,0
672,42,Female,462,Sales,Medical,6244,5,4
673,33,Male,1198,Research & Development,Other,2799,3,2
674,58,Female,1272,Research & Development,Technical Degree,10552,6,0
675,31,Male,154,Sales,Life Sciences,2329,7,7
676,35,Female,1137,Research & Development,Life Sciences,4014,10,6
677,49,Female,527,Research & Development,Other,7403,26,9
678,48,Male,1469,Research & Development,Medical,2259,0,0
679,31,Female,1188,Sales,Marketing,6932,9,8
680,36,Male,188,Research & Development,Other,4678,6,2
681,38,Female,1333,Research & Development,Technical Degree,13582,15,12
682,32,Female,1184,Research & Development,Life Sciences,2332,3,0
683,25,Male,867,Sales,Marketing,2413,1,0
684,40,Male,658,Sales,Marketing,9705,1,0
685,26,Male,1283,Sales,Medical,4294,7,7
686,41,Male,263,Research & Development,Medical,4721,18,13
687,36,Male,938,Research & Development,Medical,2519,11,8
688,19,Male,419,Sales,Other,2121,1,0
689,20,Male,129,Research & Development,Technical Degree,2973,1,0
690,31,Female,616,Research & Development,Medical,5855,9,7
691,40,Male,1469,Research & Development,Medical,3617,1,1
692,32,Female,498,Research & Development,Medical,6725,8,7
693,36,Male,530,Sales,Life Sciences,10325,16,7
694,33,Female,1069,Research & Development,Life Sciences,6949,5,0
695,37,Male,625,Sales,Life Sciences,10609,14,1
696,45,Male,805,Research & Development,Life Sciences,4447,9,7
697,29,Female,1404,Sales,Technical Degree,2157,3,1
698,35,Female,1219,Sales,Medical,4601,5,2
699,52,Male,1053,Research & Development,Life Sciences,17099,9,8
700,58,Male,289,Research & Development,Technical Degree,2479,1,0
701,53,Male,1376,Sales,Medical,14852,17,13
702,30,Male,231,Sales,Other,7264,8,4
703,38,Female,152,Sales,Technical Degree,5666,5,3
704,35,Male,882,Sales,Life Sciences,7823,10,9
705,39,Male,903,Sales,Life Sciences,7880,8,7
706,40,Female,1479,Sales,Life Sciences,13194,1,0
707,47,Male,1379,Research & Development,Medical,5067,19,10
708,36,Male,1229,Sales,Technical Degree,5079,7,7
709,31,Male,335,Research & Development,Medical,2321,3,2
710,33,Male,722,Sales,Life Sciences,17444,10,8
711,29,Female,906,Research & Development,Life Sciences,2404,0,0
712,33,Female,461,Research & Development,Life Sciences,3452,3,2
713,45,Female,974,Research & Development,Medical,2270,5,3
714,50,Male,1126,Research & Development,Medical,17399,5,4
715,33,Female,827,Research & Development,Other,5488,6,5
716,41,Male,840,Research & Development,Medical,19419,18,16
717,27,Female,1134,Research & Development,Technical Degree,2811,2,2
718,45,Male,248,Research & Development,Life Sciences,3633,9,8
719,47,Female,955,Sales,Life Sciences,4163,9,0
720,30,Female,138,Research & Development,Life Sciences,2132,5,2
721,50,Male,939,Research & Development,Life Sciences,13973,12,11
722,38,Male,1391,Research & Development,Medical,2684,2,1
723,46,Male,566,Research & Development,Medical,10845,8,7
724,24,Female,1206,Research & Development,Medical,4377,4,2
725,35,Male,622,Research & Development,Other,3743,4,2
726,31,Female,853,Research & Development,Life Sciences,4148,4,3
727,18,Male,287,Research & Development,Life Sciences,1051,0,0
728,54,Female,1441,Research & Development,Technical Degree,10739,10,7
729,35,Female,583,Research & Development,Medical,10388,16,10
730,30,Female,153,Research & Development,Life Sciences,11416,8,7
731,20,Female,1097,Research & Development,Medical,2600,1,0
732,30,Female,109,Research & Development,Medical,2422,3,2
733,26,Male,1066,Research & Development,Medical,5472,8,7
734,22,Male,217,Research & Development,Life Sciences,2451,4,3
735,48,Male,277,Research & Development,Life Sciences,4240,2,2
736,48,Male,1355,Research & Development,Life Sciences,10999,15,11
737,41,Female,549,Research & Development,Medical,5003,2,2
738,39,Female,466,Research & Development,Life Sciences,12742,21,6
739,27,Female,1055,Research & Development,Life Sciences,4227,3,2
740,35,Male,802,Research & Development,Other,3917,3,2
741,42,Male,265,Sales,Marketing,18303,1,0
742,50,Male,804,Research & Development,Life Sciences,2380,1,0
743,59,Female,715,Research & Development,Life Sciences,13726,5,3
744,37,Female,1141,Research & Development,Medical,4777,1,0
745,55,Male,135,Research & Development,Medical,6385,8,7
746,41,Female,247,Research & Development,Life Sciences,19973,21,16
747,38,Male,1035,Sales,Life Sciences,6861,1,0
748,26,Male,265,Sales,Medical,4969,2,2
749,52,Female,266,Sales,Marketing,19845,32,14
750,44,Female,1448,Sales,Medical,13320,12,11
751,50,Female,145,Sales,Life Sciences,6347,18,7
752,36,Female,885,Research & Development,Life Sciences,2743,17,13
753,39,Female,945,Research & Development,Medical,10880,21,6
754,33,Female,1038,Sales,Life Sciences,2342,2,2
755,45,Female,1234,Sales,Life Sciences,17650,9,3
756,32,Female,1109,Research & Development,Medical,4025,8,7
757,34,Male,216,Sales,Marketing,9725,15,1
758,59,Male,1089,Sales,Technical Degree,11904,6,4
759,45,Male,788,Human Resources,Medical,2177,6,3
760,53,Female,124,Sales,Marketing,7525,15,7
761,36,Male,660,Research & Development,Other,4834,1,0
762,26,Male,342,Research & Development,Life Sciences,2042,3,2
763,34,Female,1333,Sales,Life Sciences,2220,1,1
764,28,Male,1144,Sales,Medical,1052,1,0
765,38,Male,1186,Research & Development,Other,2821,2,2
766,50,Male,1464,Research & Development,Medical,19237,8,1
767,37,Female,124,Research & Development,Other,4107,4,3
768,40,Male,300,Sales,Marketing,8396,7,7
769,26,Female,921,Research & Development,Medical,2007,5,3
770,46,Male,430,Research & Development,Medical,19627,2,2
771,54,Female,1082,Sales,Life Sciences,10686,9,4
772,56,Female,1240,Research & Development,Medical,2942,5,4
773,36,Female,796,Research & Development,Medical,8858,14,8
774,55,Male,444,Research & Development,Medical,16756,9,7
775,43,Male,415,Sales,Medical,10798,1,0
776,20,Female,769,Sales,Marketing,2323,2,2
777,21,Female,1334,Research & Development,Life Sciences,1416,1,0
778,46,Female,1003,Research & Development,Life Sciences,4615,16,13
779,51,Male,1323,Research & Development,Life Sciences,2461,10,0
780,28,Male,1366,Research & Development,Technical Degree,8722,10,7
781,26,Male,192,Research & Development,Medical,3955,5,3
782,30,Male,1176,Research & Development,Other,9957,6,2
783,41,Female,509,Research & Development,Technical Degree,3376,10,6
784,38,Female,330,Research & Development,Life Sciences,8823,19,9
785,40,Male,1492,Research & Development,Technical Degree,10322,11,10
786,27,Male,1277,Research & Development,Life Sciences,4621,3,2
787,55,Male,1091,Research & Development,Life Sciences,10976,3,2
788,28,Female,857,Research & Development,Other,3660,8,7
789,44,Male,1376,Human Resources,Medical,10482,20,6
790,33,Male,654,Research & Development,Life Sciences,7119,3,2
791,35,Male,1204,Sales,Technical Degree,9582,8,7
792,33,Female,827,Research & Development,Medical,4508,13,7
793,28,Male,895,Research & Development,Life Sciences,2207,4,2
794,34,Male,618,Research & Development,Life Sciences,7756,6,2
795,37,Female,309,Sales,Life Sciences,6694,1,0
796,25,Male,1219,Research & Development,Technical Degree,3691,7,7
797,26,Male,1330,Research & Development,Medical,2377,1,1
798,33,Male,1017,Research & Development,Medical,2313,2,2
799,42,Male,469,Research & Development,Medical,17665,22,6
800,28,Male,1009,Research & Development,Medical,2596,1,0
801,50,Male,959,Sales,Other,4728,0,0
802,33,Female,970,Sales,Life Sciences,4302,3,2
803,34,Male,697,Research & Development,Life Sciences,2979,0,0
804,48,Male,1262,Research & Development,Medical,16885,5,4
805,45,Female,1050,Sales,Life Sciences,5593,15,10
806,52,Male,994,Research & Development,Life Sciences,10445,8,6
807,38,Male,770,Sales,Marketing,8740,8,7
808,29,Female,1107,Research & Development,Life Sciences,2514,7,5
809,28,Female,950,Research & Development,Medical,7655,9,7
810,46,Male,406,Sales,Marketing,17465,12,9
811,38,Male,130,Sales,Marketing,7351,1,0
812,43,Female,1082,Research & Development,Life Sciences,10820,8,7
813,39,Male,203,Research & Development,Life Sciences,12169,18,7
814,40,Male,1308,Research & Development,Medical,19626,20,7
815,21,Female,984,Research & Development,Technical Degree,2070,2,2
816,39,Male,439,Research & Development,Life Sciences,6782,5,4
817,36,Male,217,Research & Development,Life Sciences,7779,11,9
818,31,Male,793,Sales,Life Sciences,2791,2,2
819,28,Male,1451,Research & Development,Life Sciences,3201,5,3
820,35,Male,1182,Sales,Marketing,4968,5,2
821,49,Male,174,Sales,Technical Degree,13120,9,8
822,34,Male,1003,Research & Development,Life Sciences,4033,3,2
823,29,Female,490,Research & Development,Life Sciences,3291,7,5
824,42,Male,188,Research & Development,Medical,4272,1,0
825,29,Male,718,Research & Development,Medical,5056,10,7
826,38,Male,433,Human Resources,Human Resources,2844,7,6
827,28,Male,773,Research & Development,Life Sciences,2703,3,1
828,18,Male,247,Research & Development,Medical,1904,0,0
829,33,Female,603,Sales,Marketing,8224,5,2
830,41,Male,167,Research & Development,Life Sciences,4766,1,0
831,31,Male,874,Research & Development,Medical,2610,2,2
832,37,Female,367,Research & Development,Medical,5731,6,2
833,27,Male,199,Research & Development,Life Sciences,2539,4,2
834,34,Female,1400,Sales,Life Sciences,5714,6,5
835,35,Male,528,Human Resources,Technical Degree,4323,5,4
836,29,Female,408,Sales,Life Sciences,7336,11,8
837,40,Female,593,Research & Development,Medical,13499,18,7
838,42,Male,481,Sales,Life Sciences,13758,21,9
839,42,Male,647,Sales,Marketing,5155,6,4
840,35,Male,982,Research & Development,Medical,2258,8,0
841,24,Male,477,Research & Development,Medical,3597,4,3
842,28,Female,1485,Research & Development,Life Sciences,2515,1,1
843,26,Male,1384,Research & Development,Medical,4420,8,7
844,30,Male,852,Sales,Marketing,6578,10,3
845,40,Female,902,Research & Development,Medical,4422,1,1
846,35,Male,819,Research & Development,Life Sciences,10274,7,7
847,34,Male,669,Research & Development,Medical,5343,13,9
848,35,Male,636,Research & Development,Other,2376,2,2
849,43,Female,1372,Sales,Marketing,5346,4,3
850,32,Female,862,Sales,Life Sciences,2827,1,0
851,56,Female,718,Research & Development,Technical Degree,19943,5,2
852,29,Female,1401,Research & Development,Medical,3131,10,8
853,19,Male,645,Research & Development,Life Sciences,2552,1,1
854,45,Female,1457,Research & Development,Medical,4477,3,2
855,37,Female,977,Research & Development,Life Sciences,6474,14,8
856,20,Male,805,Research & Development,Life Sciences,3033,2,2
857,44,Male,1097,Research & Development,Life Sciences,2936,6,4
858,53,Female,1223,Research & Development,Medical,18606,7,7
859,29,Female,942,Research & Development,Life Sciences,2168,5,4
860,22,Male,1256,Research & Development,Life Sciences,2853,0,0
861,46,Female,1402,Sales,Marketing,17048,26,15
862,44,Male,111,Research & Development,Life Sciences,2290,0,0
863,33,Male,147,Human Resources,Human Resources,3600,5,4
864,41,Male,906,Research & Development,Life Sciences,2107,1,0
865,30,Male,1329,Sales,Life Sciences,4115,4,3
866,40,Male,1184,Sales,Medical,4327,0,0
867,50,Female,1421,Research & Development,Medical,17856,2,2
868,28,Male,1179,Research & Development,Medical,3196,6,5
869,46,Male,1450,Research & Development,Life Sciences,19081,4,2
870,35,Male,1361,Sales,Life Sciences,8966,7,7
871,24,Female,984,Research & Development,Life Sciences,2210,1,0
872,33,Female,1146,Sales,Medical,4539,10,7
873,36,Male,917,Research & Development,Life Sciences,2741,7,7
874,30,Male,853,Research & Development,Life Sciences,3491,10,7
875,44,Male,200,Research & Development,Other,4541,20,11
876,20,Male,654,Sales,Marketing,2678,2,1
877,46,Male,150,Research & Development,Technical Degree,7379,6,3
878,42,Male,179,Human Resources,Medical,6272,4,3
879,60,Male,696,Sales,Marketing,5220,11,7
880,32,Female,116,Research & Development,Other,2743,2,2
881,32,Female,1316,Research & Development,Life Sciences,4998,8,7
882,36,Female,363,Research & Development,Technical Degree,10252,7,7
883,33,Male,117,Research & Development,Medical,2781,14,10
884,40,Female,107,Sales,Technical Degree,6852,5,1
885,25,Male,1356,Sales,Life Sciences,4950,4,3
886,30,Male,1465,Research & Development,Medical,3579,11,9
887,42,Female,458,Research & Development,Medical,13191,1,0
888,35,Female,1212,Sales,Marketing,10377,13,2
889,27,Male,1103,Research & Development,Life Sciences,2235,9,7
890,54,Female,966,Research & Development,Life Sciences,10502,5,4
891,44,Female,1117,Research & Development,Life Sciences,2011,10,5
892,19,Female,504,Research & Development,Medical,1859,1,1
893,29,Female,1010,Research & Development,Life Sciences,3760,3,2
894,54,Male,685,Research & Development,Life Sciences,17779,10,9
895,31,Male,1332,Research & Development,Medical,6833,6,5
896,31,Female,1062,Research & Development,Medical,6812,10,9
897,59,Female,326,Sales,Life Sciences,5171,6,1
898,43,Male,920,Research & Development,Life Sciences,19740,8,7
899,49,Male,1098,Research & Development,Medical,18711,1,0
900,36,Male,469,Research & Development,Technical Degree,3692,11,10
901,48,Male,969,Research & Development,Technical Degree,2559,1,0
902,27,Male,1167,Research & Development,Life Sciences,2517,5,3
903,29,Male,1329,Research & Development,Life Sciences,6623,6,0
904,48,Male,715,Research & Development,Life Sciences,18265,1,0
905,29,Female,694,Research & Development,Life Sciences,16124,7,7
906,34,Female,1320,Research & Development,Technical Degree,2585,1,0
907,44,Male,1099,Sales,Marketing,18213,22,9
908,33,Male,536,Sales,Marketing,8380,9,8
909,19,Female,265,Research & Development,Life Sciences,2994,1,0
910,23,Male,373,Research & Development,Life Sciences,1223,1,0
911,25,Male,599,Sales,Life Sciences,1118,1,0
912,26,Male,583,Research & Development,Life Sciences,2875,8,5
913,45,Female,1449,Sales,Marketing,18824,24,10
914,55,Male,177,Research & Development,Medical,13577,33,9
915,21,Female,251,Research & Development,Life Sciences,2625,2,2
916,46,Female,168,Sales,Marketing,18789,11,4
917,34,Female,131,Sales,Marketing,4538,3,2
918,51,Male,237,Sales,Life Sciences,19847,29,10
919,59,Male,1429,Research & Development,Medical,10512,9,7
920,34,Female,135,Research & Development,Medical,4444,11,8
921,28,Male,791,Research & Development,Medical,2154,4,2
922,44,Male,1199,Research & Development,Life Sciences,19190,25,9
923,34,Male,648,Human Resources,Life Sciences,4490,10,9
924,35,Male,735,Research & Development,Life Sciences,3506,3,2
925,42,Female,603,Research & Development,Medical,2372,1,0
926,43,Female,531,Sales,Marketing,10231,21,7
927,36,Female,429,Research & Development,Life Sciences,5410,16,14
928,44,Female,621,Research & Development,Medical,7978,10,7
929,28,Male,193,Research & Development,Life Sciences,3867,2,2
930,51,Female,968,Research & Development,Medical,2838,7,0
931,30,Female,879,Research & Development,Medical,4695,8,4
932,29,Female,806,Research & Development,Technical Degree,3339,7,7
933,28,Male,640,Research & Development,Technical Degree,2080,3,2
934,25,Female,266,Research & Development,Medical,2096,2,2
935,32,Male,604,Sales,Medical,6209,10,7
936,45,Female,364,Research & Development,Medical,18061,0,0
937,39,Female,412,Research & Development,Medical,17123,19,9
938,58,Male,848,Research & Development,Life Sciences,2372,2,2
939,32,Male,1089,Research & Development,Life Sciences,4883,10,4
940,39,Male,360,Research & Development,Medical,3904,5,2
941,30,Female,1138,Research & Development,Technical Degree,4627,9,2
942,36,Female,325,Research & Development,Technical Degree,7094,7,7
943,46,Female,991,Human Resources,Life Sciences,3423,7,6
944,28,Female,1476,Research & Development,Life Sciences,6674,9,8
945,50,Female,1322,Research & Development,Life Sciences,16880,3,2
946,40,Male,299,Sales,Marketing,9094,5,4
947,52,Male,1030,Sales,Life Sciences,8446,8,7
948,30,Female,634,Research & Development,Medical,11916,9,1
949,39,Male,524,Research & Development,Life Sciences,4534,8,7
950,31,Female,587,Sales,Life Sciences,9852,10,8
951,41,Male,256,Sales,Medical,6151,19,2
952,31,Female,1060,Sales,Life Sciences,2302,3,2
953,44,Male,935,Research & Development,Life Sciences,2362,3,2
954,42,Male,495,Research & Development,Life Sciences,17861,20,8
955,55,Female,282,Research & Development,Medical,19187,19,9
956,56,Male,206,Human Resources,Life Sciences,19717,7,3
957,40,Male,458,Research & Development,Life Sciences,3544,4,2
958,34,Male,943,Research & Development,Life Sciences,8500,9,7
959,40,Male,523,Research & Development,Life Sciences,4661,9,8
960,41,Female,1018,Sales,Marketing,4103,9,3
961,35,Male,482,Research & Development,Life Sciences,4249,9,6
962,51,Male,770,Human Resources,Life Sciences,14026,33,9
963,38,Female,1009,Sales,Life Sciences,6893,7,7
964,34,Female,507,Sales,Medical,6125,10,8
965,25,Male,882,Research & Development,Medical,3669,3,2
966,58,Female,601,Research & Development,Medical,10008,10,9
967,40,Male,329,Research & Development,Life Sciences,2387,4,2
968,36,Female,607,Sales,Marketing,4639,15,7
969,48,Male,855,Research & Development,Life Sciences,7898,10,9
970,27,Female,1291,Sales,Medical,2534,1,0
971,51,Female,1405,Research & Development,Technical Degree,13142,5,2
972,18,Female,1124,Research & Development,Life Sciences,1611,0,0
973,35,Female,817,Research & Development,Medical,5363,9,7
974,27,Male,793,Sales,Life Sciences,5071,6,2
975,55,Male,267,Sales,Marketing,13695,19,7
976,56,Male,1369,Research & Development,Life Sciences,13402,19,16
977,34,Female,999,Research & Development,Technical Degree,2029,5,4
978,40,Female,1202,Research & Development,Medical,6377,12,11
979,34,Male,285,Research & Development,Medical,5429,8,7
980,31,Female,703,Sales,Life Sciences,2785,1,0
981,35,Female,662,Sales,Marketing,4614,4,2
982,38,Male,693,Research & Development,Life Sciences,2610,4,2
983,34,Female,404,Research & Development,Technical Degree,6687,14,11
984,28,Male,736,Sales,Life Sciences,4724,5,3
985,31,Male,330,Research & Development,Medical,6179,10,2
986,39,Male,1498,Sales,Life Sciences,6120,5,4
987,51,Male,541,Sales,Marketing,10596,4,2
988,41,Female,1200,Research & Development,Life Sciences,5467,6,2
989,37,Male,1439,Research & Development,Life Sciences,2996,6,4
990,33,Male,1111,Sales,Life Sciences,9998,5,4
991,32,Male,499,Sales,Marketing,4078,3,2
992,39,Male,1485,Research & Development,Life Sciences,10920,6,4
993,25,Male,1372,Sales,Life Sciences,6232,3,2
994,52,Female,322,Research & Development,Medical,13247,5,3
995,43,Female,930,Research & Development,Medical,4081,20,7
996,27,Female,205,Sales,Marketing,5769,6,2
997,27,Female,135,Research & Development,Life Sciences,2394,8,2
998,26,Male,683,Research & Development,Medical,3904,4,3
999,42,Female,1147,Human Resources,Human Resources,16799,20,7
1000,52,Female,258,Research & Development,Other,2950,5,4
1001,37,Female,1462,Research & Development,Medical,3629,3,2
1002,35,Male,200,Research & Development,Life Sciences,9362,2,2
1003,25,Male,949,Research & Development,Technical Degree,3229,3,2
1004,26,Male,652,Research & Development,Other,3578,7,7
1005,29,Male,332,Human Resources,Other,7988,10,9
1006,49,Male,1475,Research & Development,Life Sciences,4284,4,3
1007,29,Female,337,Research & Development,Other,7553,8,7
1008,54,Female,971,Research & Development,Medical,17328,20,7
1009,58,Female,1055,Research & Development,Medical,19701,9,8
1010,55,Male,1136,Research & Development,Medical,14732,7,7
1011,36,Female,1174,Sales,Marketing,9278,5,4
1012,31,Female,667,Sales,Life Sciences,1359,1,0
1013,30,Female,855,Sales,Marketing,4779,3,2
1014,31,Female,182,Research & Development,Life Sciences,16422,3,2
1015,34,Male,560,Research & Development,Other,2996,4,3
1016,31,Female,202,Research & Development,Life Sciences,1261,1,0
1017,27,Male,1377,Research & Development,Life Sciences,2099,5,0
1018,36,Male,172,Research & Development,Life Sciences,5810,10,4
1019,36,Female,329,Sales,Marketing,5647,3,2
1020,47,Male,465,Research & Development,Technical Degree,3420,6,5
1021,25,Male,383,Sales,Life Sciences,4400,3,2
1022,37,Male,1413,Research & Development,Technical Degree,3500,6,5
1023,56,Female,1255,Research & Development,Life Sciences,2066,3,2
1024,47,Female,359,Research & Development,Medical,17169,20,17
1025,24,Female,1476,Sales,Medical,4162,5,4
1026,32,Male,601,Sales,Marketing,9204,4,3
1027,34,Female,401,Research & Development,Life Sciences,3294,5,4
1028,41,Male,1283,Research & Development,Medical,2127,4,2
1029,40,Male,663,Research & Development,Other,3975,8,7
1030,31,Male,326,Sales,Life Sciences,10793,13,7
1031,46,Male,377,Sales,Marketing,10096,7,7
1032,39,Female,592,Research & Development,Life Sciences,3646,1,0
1033,31,Female,1445,Research & Development,Life Sciences,7446,10,8
1034,45,Male,1038,Research & Development,Medical,10851,7,7
1035,31,Female,1398,Human Resources,Medical,2109,3,2
1036,31,Male,523,Research & Development,Life Sciences,3722,2,2
1037,45,Male,1448,Research & Development,Technical Degree,9380,3,1
1038,48,Male,1221,Sales,Marketing,5486,2,2
1039,34,Female,1107,Human Resources,Technical Degree,2742,2,2
1040,40,Male,218,Research & Development,Medical,13757,9,8
1041,28,Male,866,Sales,Medical,8463,5,4
1042,44,Male,981,Research & Development,Life Sciences,3162,5,2
1043,53,Male,447,Research & Development,Medical,16598,9,8
1044,49,Male,1495,Research & Development,Technical Degree,6651,3,2
1045,40,Male,896,Research & Development,Medical,2345,3,1
1046,44,Male,1467,Research & Development,Life Sciences,3420,5,2
1047,33,Male,430,Sales,Medical,4373,4,3
1048,34,Male,1326,Sales,Other,4759,13,9
1049,30,Male,1358,Sales,Life Sciences,5301,2,1
1050,42,Female,748,Research & Development,Medical,3673,12,9
1051,44,Female,383,Sales,Marketing,4768,1,0
1052,30,Male,990,Research & Development,Technical Degree,1274,1,0
1053,57,Male,405,Research & Development,Life Sciences,4900,12,9
1054,49,Male,1490,Research & Development,Life Sciences,10466,8,7
1055,34,Male,829,Research & Development,Medical,17007,14,8
1056,28,Male,1496,Sales,Technical Degree,2909,3,2
1057,29,Female,115,Sales,Technical Degree,5765,5,3
1058,34,Female,790,Sales,Medical,4599,15,9
1059,35,Male,660,Sales,Life Sciences,2404,1,0
1060,24,Male,381,Research & Development,Medical,3172,0,0
1061,24,Female,830,Sales,Life Sciences,2033,1,0
1062,44,Male,1193,Research & Development,Medical,10209,2,2
1063,29,Male,1246,Sales,Life Sciences,8620,10,7
1064,30,Male,330,Human Resources,Life Sciences,2064,5,3
1065,55,Male,1229,Research & Development,Life Sciences,4035,3,2
1066,33,Female,1099,Research & Development,Medical,3838,5,4
1067,47,Female,571,Sales,Medical,4591,5,4
1068,28,Male,289,Research & Development,Medical,2561,0,0
1069,28,Male,1423,Research & Development,Life Sciences,1563,1,0
1070,28,Male,467,Sales,Life Sciences,4898,4,2
1071,49,Female,271,Research & Development,Medical,4789,3,2
1072,29,Female,410,Research & Development,Life Sciences,3180,3,2
1073,28,Male,1083,Research & Development,Life Sciences,6549,8,6
1074,33,Male,516,Research & Development,Life Sciences,6388,0,0
1075,32,Male,495,Research & Development,Medical,11244,5,2
1076,54,Female,1050,Research & Development,Medical,16032,14,9
1077,29,Male,224,Research & Development,Technical Degree,2362,9,7
1078,44,Male,136,Research & Development,Life Sciences,16328,20,6
1079,39,Female,1089,Research & Development,Life Sciences,8376,2,0
1080,46,Female,228,Sales,Life Sciences,16606,13,12
1081,35,Female,1029,Research & Development,Life Sciences,8606,11,8
1082,23,Male,507,Research & Development,Life Sciences,2272,4,3
1083,40,Male,676,Research & Development,Life Sciences,2018,5,4
1084,34,Male,971,Sales,Technical Degree,7083,10,9
1085,31,Female,561,Research & Development,Life Sciences,4084,7,2
1086,50,Male,333,Research & Development,Medical,14411,32,6
1087,34,Male,1440,Sales,Technical Degree,2308,11,10
1088,42,Male,1210,Research & Development,Medical,4841,1,0
1089,37,Male,674,Research & Development,Medical,4285,10,8
1090,29,Female,441,Research & Development,Other,9715,7,7
1091,33,Male,575,Research & Development,Life Sciences,4320,5,3
1092,45,Male,950,Research & Development,Technical Degree,2132,5,4
1093,42,Male,288,Research & Development,Life Sciences,10124,20,8
1094,40,Male,1342,Sales,Medical,5473,8,4
1095,33,Male,589,Research & Development,Life Sciences,5207,15,14
1096,40,Male,898,Human Resources,Medical,16437,21,7
1097,24,Male,350,Research & Development,Technical Degree,2296,1,1
1098,40,Male,1142,Research & Development,Life Sciences,4069,2,2
1099,45,Male,538,Research & Development,Technical Degree,7441,10,8
1100,35,Female,1402,Sales,Life Sciences,2430,5,3
1101,32,Female,824,Research & Development,Life Sciences,5878,7,1
1102,36,Male,1157,Sales,Life Sciences,2644,3,2
1103,48,Female,492,Sales,Life Sciences,6439,8,7
1104,29,Male,598,Research & Development,Life Sciences,2451,1,0
1105,33,Male,1242,Sales,Life Sciences,6392,2,2
1106,30,Male,740,Sales,Life Sciences,9714,10,8
1107,38,Male,888,Human Resources,Human Resources,6077,6,3
1108,35,Male,992,Research & Development,Medical,2450,3,0
1109,30,Male,1288,Sales,Technical Degree,9250,4,2
1110,35,Female,104,Research & Development,Life Sciences,2074,1,0
1111,53,Female,607,Research & Development,Technical Degree,10169,33,7
1112,38,Male,903,Research & Development,Medical,4855,5,2
1113,32,Male,1200,Research & Development,Technical Degree,4087,6,5
1114,48,Female,1108,Research & Development,Other,2367,8,2
1115,34,Male,479,Research & Development,Medical,2972,1,0
1116,55,Male,685,Sales,Marketing,19586,36,6
1117,34,Male,1351,Research & Development,Life Sciences,5484,2,2
1118,26,Female,474,Research & Development,Life Sciences,2061,1,0
1119,38,Male,1245,Sales,Life Sciences,9924,9,8
1120,38,Female,437,Sales,Life Sciences,4198,3,2
1121,36,Female,884,Sales,Life Sciences,6815,1,0
1122,29,Male,1370,Research & Development,Medical,4723,10,9
1123,35,Female,670,Research & Development,Medical,6142,5,2
1124,39,Male,1462,Sales,Medical,8237,7,6
1125,29,Male,995,Research & Development,Life Sciences,8853,6,4
1126,50,Male,264,Sales,Marketing,19331,1,0
1127,23,Male,977,Research & Development,Technical Degree,2073,2,2
1128,36,Male,1302,Research & Development,Life Sciences,5562,3,2
1129,42,Male,1059,Research & Development,Other,19613,1,0
1130,35,Male,750,Research & Development,Life Sciences,3407,10,9
1131,34,Male,653,Research & Development,Technical Degree,5063,8,2
1132,40,Female,118,Sales,Life Sciences,4639,5,4
1133,43,Male,990,Research & Development,Technical Degree,4876,6,4
1134,35,Male,1349,Research & Development,Life Sciences,2690,1,0
1135,46,Male,563,Sales,Life Sciences,17567,26,0
1136,28,Male,329,Research & Development,Medical,2408,1,1
1137,22,Female,457,Research & Development,Other,2814,4,2
1138,50,Male,1234,Research & Development,Medical,11245,30,8
1139,32,Female,634,Research & Development,Other,3312,3,2
1140,44,Female,1313,Research & Development,Medical,19049,22,7
1141,30,Male,241,Research & Development,Medical,2141,6,4
1142,45,Female,1015,Research & Development,Medical,5769,10,7
1143,45,Male,336,Sales,Marketing,4385,10,7
1144,31,Male,715,Sales,Other,5332,5,2
1145,36,Female,559,Research & Development,Life Sciences,4663,3,2
1146,34,Male,426,Research & Development,Life Sciences,4724,9,7
1147,49,Female,722,Research & Development,Life Sciences,3211,9,6
1148,39,Male,1387,Research & Development,Medical,5377,7,7
1149,27,Male,1302,Research & Development,Other,4066,7,7
1150,35,Male,819,Research & Development,Life Sciences,5208,16,15
1151,28,Female,580,Research & Development,Medical,4877,5,3
1152,21,Male,546,Research & Development,Medical,3117,2,2
1153,18,Female,544,Sales,Medical,1569,0,0
1154,47,Female,1176,Human Resources,Life Sciences,19658,5,2
1155,39,Male,170,Research & Development,Medical,3069,10,8
1156,40,Female,884,Research & Development,Life Sciences,10435,18,15
1157,35,Female,208,Research & Development,Life Sciences,4148,14,11
1158,37,Male,671,Research & Development,Life Sciences,5768,4,3
1159,39,Female,711,Research & Development,Medical,5042,9,2
1160,45,Female,1329,Research & Development,Other,5770,10,7
1161,38,Female,397,Research & Development,Medical,7756,5,4
1162,35,Male,737,Sales,Medical,10306,13,12
1163,37,Female,1470,Research & Development,Medical,3936,8,4
1164,40,Female,448,Research & Development,Life Sciences,7945,4,2
1165,44,Male,602,Human Resources,Human Resources,5743,10,7
1166,48,Male,365,Research & Development,Medical,15202,2,2
1167,35,Male,763,Sales,Medical,5440,2,2
1168,24,Female,567,Research & Development,Technical Degree,3760,6,3
1169,27,Female,486,Research & Development,Medical,3517,3,2
1170,27,Male,591,Research & Development,Medical,2580,4,2
1171,40,Male,1329,Research & Development,Life Sciences,2166,4,2
1172,29,Male,469,Sales,Medical,5869,5,2
1173,36,Female,711,Research & Development,Life Sciences,8008,3,2
1174,25,Male,772,Research & Development,Life Sciences,5206,7,7
1175,39,Male,492,Research & Development,Medical,5295,5,4
1176,49,Female,301,Research & Development,Other,16413,4,2
1177,50,Female,813,Research & Development,Life Sciences,13269,14,11
1178,20,Female,1141,Sales,Medical,2783,2,2
1179,34,Female,1130,Research & Development,Life Sciences,5433,11,8
1180,36,Male,311,Research & Development,Life Sciences,2013,4,3
1181,49,Female,465,Research & Development,Life Sciences,13966,15,11
1182,36,Female,894,Research & Development,Medical,4374,3,2
1183,36,Male,1040,Research & Development,Life Sciences,6842,5,4
1184,54,Female,584,Research & Development,Medical,17426,10,8
1185,43,Male,1291,Research & Development,Life Sciences,17603,14,10
1186,35,Male,880,Sales,Other,4581,11,9
1187,38,Male,1189,Research & Development,Life Sciences,4735,13,11
1188,29,Male,991,Sales,Medical,4187,10,0
1189,33,Male,392,Sales,Medical,5505,6,2
1190,32,Male,977,Research & Development,Medical,5470,9,5
1191,31,Female,1112,Sales,Life Sciences,5476,10,0
1192,49,Female,464,Research & Development,Medical,2587,2,2
1193,38,Female,148,Research & Development,Medical,2440,4,3
1194,47,Female,1225,Sales,Life Sciences,15972,3,2
1195,49,Male,809,Research & Development,Life Sciences,15379,8,7
1196,41,Male,1206,Sales,Life Sciences,7082,2,0
1197,20,Male,727,Sales,Life Sciences,2728,2,2
1198,33,Female,530,Sales,Life Sciences,5368,6,5
1199,36,Male,1351,Research & Development,Life Sciences,5347,3,2
1200,44,Female,528,Human Resources,Life Sciences,3195,2,2
1201,23,Male,1320,Research & Development,Medical,3989,5,4
1202,38,Female,1495,Research & Development,Medical,3306,0,0
1203,53,Male,1395,Research & Development,Medical,7005,4,3
1204,48,Female,708,Sales,Medical,2655,9,7
1205,32,Male,1259,Research & Development,Life Sciences,1393,1,0
1206,26,Male,786,Research & Development,Medical,2570,7,7
1207,55,Male,1441,Research & Development,Technical Degree,3537,4,2
1208,34,Male,1157,Research & Development,Medical,3986,15,10
1209,60,Male,370,Research & Development,Medical,10883,1,0
1210,33,Male,267,Research & Development,Medical,2028,14,11
1211,37,Male,1278,Sales,Medical,9525,6,3
1212,34,Female,678,Research & Development,Life Sciences,2929,10,9
1213,23,Male,427,Sales,Life Sciences,2275,3,2
1214,44,Female,921,Research & Development,Life Sciences,7879,8,7
1215,35,Male,146,Research & Development,Medical,4930,5,4
1216,43,Male,1179,Sales,Medical,7847,10,9
1217,24,Male,581,Research & Development,Medical,4401,5,3
1218,41,Male,918,Sales,Marketing,9241,10,8
1219,29,Female,1082,Research & Development,Medical,2974,5,3
1220,36,Female,530,Sales,Life Sciences,4502,13,7
1221,45,Male,1238,Research & Development,Life Sciences,10748,23,15
1222,24,Male,240,Human Resources,Human Resources,1555,1,0
1223,47,Male,1093,Sales,Life Sciences,12936,23,5
1224,26,Male,390,Research & Development,Medical,2305,3,2
1225,45,Female,1005,Research & Development,Technical Degree,16704,21,6
1226,32,Male,585,Research & Development,Life Sciences,3433,5,2
1227,31,Male,741,Research & Development,Life Sciences,3477,5,2
1228,41,Male,552,Human Resources,Human Resources,6430,3,2
1229,40,Female,369,Research & Development,Life Sciences,6516,1,0
1230,24,Male,506,Research & Development,Medical,3907,6,2
1231,46,Male,717,Research & Development,Life Sciences,5562,10,7
1232,35,Male,1370,Research & Development,Life Sciences,6883,7,7
1233,30,Male,793,Research & Development,Life Sciences,2862,10,0
1234,47,Male,543,Sales,Marketing,4978,1,0
1235,46,Male,1277,Sales,Life Sciences,10368,10,6
1236,36,Male,1456,Sales,Marketing,6134,2,2
1237,32,Male,964,Sales,Life Sciences,6735,0,0
1238,23,Female,160,Research & Development,Medical,3295,3,2
1239,31,Female,163,Research & Development,Technical Degree,5238,5,4
1240,39,Male,792,Research & Development,Life Sciences,6472,9,8
1241,32,Male,371,Sales,Life Sciences,9610,4,3
1242,40,Male,611,Sales,Medical,19833,21,8
1243,45,Female,176,Human Resources,Life Sciences,9756,5,0
1244,30,Female,1312,Research & Development,Technical Degree,4968,9,7
1245,24,Male,897,Human Resources,Medical,2145,2,2
1246,30,Female,600,Human Resources,Human Resources,2180,4,2
1247,31,Male,1003,Sales,Technical Degree,8346,5,2
1248,27,Female,1054,Research & Development,Medical,3445,6,2
1249,29,Female,428,Sales,Marketing,2760,2,2
1250,29,Male,461,Research & Development,Life Sciences,6294,3,2
1251,30,Male,979,Sales,Marketing,7140,7,7
1252,34,Male,181,Research & Development,Medical,2932,5,0
1253,33,Female,1283,Sales,Marketing,5147,11,7
1254,49,Female,1313,Sales,Marketing,4507,5,1
1255,33,Female,211,Sales,Life Sciences,8564,0,0
1256,38,Female,594,Research & Development,Medical,2468,6,1
1257,31,Male,1079,Sales,Marketing,8161,1,0
1258,29,Female,590,Research & Development,Technical Degree,2109,1,0
1259,30,Male,305,Research & Development,Life Sciences,5294,7,0
1260,32,Male,953,Research & Development,Technical Degree,2718,7,7
1261,38,Male,833,Research & Development,Medical,5811,1,0
1262,43,Male,807,Research & Development,Technical Degree,2437,1,0
1263,42,Male,855,Research & Development,Medical,2766,5,3
1264,55,Male,478,Research & Development,Medical,19038,1,0
1265,33,Male,775,Research & Development,Technical Degree,3055,9,8
1266,41,Male,548,Research & Development,Life Sciences,2289,5,3
1267,34,Male,1375,Sales,Life Sciences,4001,15,14
1268,53,Female,661,Research & Development,Medical,12965,3,2
1269,43,Male,244,Human Resources,Life Sciences,3539,9,7
1270,34,Female,511,Sales,Life Sciences,6029,2,2
1271,21,Male,337,Sales,Marketing,2679,1,0
1272,38,Female,1153,Research & Development,Other,3702,5,4
1273,22,Female,1294,Research & Development,Medical,2398,1,0
1274,31,Female,196,Sales,Marketing,5468,12,7
1275,51,Female,942,Research & Development,Technical Degree,13116,2,2
1276,37,Male,589,Sales,Marketing,4189,5,2
1277,46,Male,734,Research & Development,Medical,19328,2,1
1278,36,Male,1383,Research & Development,Life Sciences,8321,12,8
1279,44,Male,429,Research & Development,Medical,2342,5,3
1280,37,Male,1239,Human Resources,Other,4071,10,0
1281,35,Male,303,Sales,Life Sciences,5813,10,7
1282,33,Male,867,Research & Development,Life Sciences,3143,10,8
1283,28,Male,1181,Research & Development,Life Sciences,2044,5,3
1284,39,Male,1253,Research & Development,Medical,13464,4,3
1285,46,Male,849,Sales,Life Sciences,7991,2,2
1286,40,Female,616,Research & Development,Life Sciences,3377,4,3
1287,42,Male,1128,Research & Development,Medical,5538,0,0
1288,35,Male,1180,Research & Development,Medical,5762,7,7
1289,38,Male,1336,Human Resources,Human Resources,2592,11,10
1290,34,Male,234,Research & Development,Life Sciences,5346,7,1
1291,37,Male,370,Research & Development,Medical,4213,10,3
1292,39,Male,766,Sales,Life Sciences,4127,2,1
1293,43,Male,343,Research & Development,Life Sciences,2438,3,2
1294,41,Male,447,Research & Development,Life Sciences,6870,3,2
1295,41,Female,796,Sales,Marketing,10447,22,14
1296,30,Female,1092,Research & Development,Medical,9667,7,7
1297,26,Female,920,Human Resources,Medical,2148,5,1
1298,46,Female,261,Research & Development,Medical,8926,9,7
1299,40,Female,1194,Research & Development,Life Sciences,6513,5,3
1300,34,Male,810,Sales,Technical Degree,6799,10,8
1301,58,Male,350,Sales,Medical,16291,16,9
1302,35,Male,185,Research & Development,Medical,2705,5,4
1303,47,Female,1001,Research & Development,Life Sciences,10333,22,11
1304,40,Female,750,Research & Development,Life Sciences,4448,7,4
1305,54,Female,431,Research & Development,Medical,6854,7,1
1306,31,Female,1125,Sales,Marketing,9637,3,2
1307,28,Female,1217,Research & Development,Medical,3591,3,2
1308,38,Female,723,Sales,Marketing,5405,4,2
1309,26,Male,572,Sales,Medical,4684,5,3
1310,58,Male,1216,Research & Development,Life Sciences,15787,2,2
1311,18,Female,1431,Research & Development,Medical,1514,0,0
1312,31,Male,359,Human Resources,Human Resources,2956,1,0
1313,29,Male,350,Human Resources,Human Resources,2335,2,2
1314,45,Female,589,Sales,Life Sciences,5154,8,7
1315,36,Female,430,Research & Development,Other,6962,1,0
1316,43,Male,1422,Sales,Life Sciences,5675,7,7
1317,27,Female,1297,Research & Development,Life Sciences,2379,5,4
1318,29,Male,574,Research & Development,Medical,3812,11,8
1319,32,Male,1318,Sales,Marketing,4648,0,0
1320,42,Male,355,Research & Development,Technical Degree,2936,6,3
1321,47,Female,207,Research & Development,Life Sciences,2105,2,2
1322,46,Male,706,Research & Development,Life Sciences,8578,9,8
1323,28,Male,280,Human Resources,Life Sciences,2706,3,2
1324,29,Male,726,Research & Development,Life Sciences,6384,7,0
1325,42,Male,1142,Research & Development,Life Sciences,3968,0,0
1326,32,Male,414,Sales,Marketing,9907,2,2
1327,46,Female,1319,Sales,Technical Degree,13225,19,17
1328,27,Female,728,Sales,Medical,3540,9,8
1329,29,Male,352,Human Resources,Medical,2804,1,0
1330,43,Female,823,Research & Development,Medical,19392,16,12
1331,48,Male,1224,Research & Development,Life Sciences,19665,22,10
1332,29,Male,459,Research & Development,Life Sciences,2439,1,0
1333,46,Female,1254,Sales,Life Sciences,7314,8,7
1334,27,Female,1131,Research & Development,Life Sciences,4774,7,6
1335,39,Male,835,Research & Development,Other,3902,2,2
1336,55,Male,836,Research & Development,Technical Degree,2662,5,2
1337,28,Female,1172,Sales,Medical,2856,1,0
1338,30,Male,945,Sales,Medical,1081,1,0
1339,22,Male,391,Research & Development,Life Sciences,2472,1,0
1340,36,Female,1266,Sales,Technical Degree,5673,10,9
1341,31,Male,311,Research & Development,Life Sciences,4197,10,8
1342,34,Male,1480,Sales,Life Sciences,9713,5,3
1343,29,Male,592,Research & Development,Life Sciences,2062,3,2
1344,37,Male,783,Research & Development,Medical,4284,5,3
1345,35,Female,219,Research & Development,Other,4788,3,2
1346,45,Female,556,Research & Development,Life Sciences,5906,9,8
1347,36,Male,1213,Human Resources,Human Resources,3886,10,1
1348,40,Male,1137,Research & Development,Life Sciences,16823,19,7
1349,26,Female,482,Research & Development,Life Sciences,2933,1,0
1350,27,Female,511,Sales,Medical,6500,8,7
1351,48,Female,117,Research & Development,Medical,17174,22,17
1352,44,Male,170,Research & Development,Life Sciences,5033,2,0
1353,34,Male,967,Research & Development,Technical Degree,2307,5,2
1354,56,Male,1162,Research & Development,Life Sciences,2587,4,2
1355,36,Male,335,Sales,Marketing,5507,4,2
1356,41,Female,337,Sales,Marketing,4393,5,4
1357,42,Male,1396,Research & Development,Medical,13348,13,7
1358,31,Female,1079,Sales,Medical,6583,5,2
1359,34,Female,735,Sales,Medical,8103,4,2
1360,31,Female,471,Research & Development,Medical,3978,2,2
1361,26,Male,1096,Research & Development,Other,2544,7,7
1362,45,Male,1297,Research & Development,Medical,5399,4,2
1363,33,Male,217,Sales,Marketing,5487,10,4
1364,28,Male,783,Sales,Life Sciences,6834,7,7
1365,29,Male,746,Sales,Technical Degree,1091,1,0
1366,39,Female,1251,Sales,Life Sciences,5736,3,2
1367,27,Male,1354,Research & Development,Technical Degree,2226,5,3
1368,34,Male,735,Research & Development,Other,5747,15,10
1369,28,Female,1475,Sales,Marketing,9854,2,0
1370,47,Male,1169,Research & Development,Technical Degree,5467,8,7
1371,56,Female,1443,Sales,Marketing,5380,0,0
1372,39,Male,867,Research & Development,Medical,5151,10,0
1373,38,Female,1394,Research & Development,Medical,2133,20,11
1374,58,Female,605,Sales,Life Sciences,17875,1,0
1375,32,Female,238,Research & Development,Life Sciences,2432,4,1
1376,38,Male,1206,Research & Development,Life Sciences,4771,5,2
1377,49,Male,1064,Research & Development,Life Sciences,19161,5,4
1378,42,Male,419,Sales,Marketing,5087,0,0
1379,27,Female,1337,Human Resources,Human Resources,2863,1,0
1380,35,Male,682,Sales,Medical,5561,5,3
1381,28,Male,1103,Research & Development,Medical,2144,5,3
1382,31,Male,976,Research & Development,Medical,3065,4,2
1383,36,Male,1351,Research & Development,Life Sciences,2810,5,4
1384,34,Male,937,Sales,Marketing,9888,14,8
1385,34,Male,1239,Sales,Medical,8628,8,7
1386,26,Male,157,Research & Development,Medical,2867,7,7
1387,29,Male,136,Research & Development,Life Sciences,5373,5,3
1388,32,Female,1146,Research & Development,Medical,6667,5,1
1389,31,Male,1125,Research & Development,Life Sciences,5003,10,8
1390,28,Male,1404,Research & Development,Technical Degree,2367,4,1
1391,38,Male,1404,Sales,Life Sciences,2858,1,0
1392,35,Female,1224,Sales,Life Sciences,5204,10,8
1393,27,Male,954,Sales,Marketing,4105,7,7
1394,32,Male,1373,Research & Development,Life Sciences,9679,1,0
1395,31,Male,754,Sales,Marketing,5617,10,7
1396,53,Male,1168,Sales,Life Sciences,10448,2,2
1397,54,Female,155,Research & Development,Life Sciences,2897,4,3
1398,33,Male,1303,Research & Development,Life Sciences,5968,9,7
1399,43,Male,574,Research & Development,Life Sciences,7510,10,9
1400,38,Male,1444,Human Resources,Other,2991,6,2
1401,55,Male,189,Human Resources,Human Resources,19636,10,9
1402,31,Female,1276,Research & Development,Medical,1129,1,0
1403,39,Male,119,Sales,Marketing,13341,20,8
1404,42,Male,335,Research & Development,Life Sciences,4332,20,9
1405,31,Female,697,Research & Development,Medical,11031,11,7
1406,54,Female,157,Research & Development,Medical,4440,5,2
1407,24,Male,771,Research & Development,Life Sciences,4617,4,3
1408,23,Male,571,Research & Development,Other,2647,5,2
1409,40,Female,692,Research & Development,Technical Degree,6323,10,9
1410,40,Female,444,Sales,Marketing,5677,11,8
1411,25,Female,309,Human Resources,Human Resources,2187,2,0
1412,30,Male,911,Research & Development,Medical,3748,12,8
1413,25,Male,977,Research & Development,Other,3977,2,2
1414,47,Male,1180,Research & Development,Medical,8633,17,14
1415,33,Male,1313,Research & Development,Medical,2008,1,1
1416,38,Male,1321,Sales,Life Sciences,4440,15,13
1417,31,Male,1154,Sales,Life Sciences,3067,2,2
1418,38,Male,508,Research & Development,Life Sciences,5321,8,3
1419,42,Male,557,Research & Development,Life Sciences,5410,4,3
1420,41,Male,642,Research & Development,Life Sciences,2782,5,3
1421,47,Female,1162,Research & Development,Medical,11957,13,8
1422,35,Male,1490,Research & Development,Medical,2660,2,2
1423,22,Male,581,Research & Development,Life Sciences,3375,3,2
1424,35,Male,1395,Research & Development,Medical,5098,10,7
1425,33,Female,501,Research & Development,Medical,4878,9,7
1426,32,Female,267,Research & Development,Life Sciences,2837,6,2
1427,40,Male,543,Research & Development,Life Sciences,2406,1,0
1428,32,Male,234,Sales,Medical,2269,2,2
1429,39,Male,116,Research & Development,Life Sciences,4108,7,7
1430,38,Female,201,Research & Development,Medical,13206,18,16
1431,32,Female,801,Sales,Marketing,10422,14,10
1432,37,Female,161,Research & Development,Life Sciences,13744,16,11
1433,25,Female,1382,Sales,Other,4907,5,3
1434,52,Male,585,Sales,Life Sciences,3482,9,8
1435,44,Male,1037,Research & Development,Medical,2436,4,3
1436,21,Male,501,Sales,Medical,2380,2,2
1437,39,Male,105,Research & Development,Life Sciences,19431,6,0
1438,23,Male,638,Sales,Marketing,1790,1,0
1439,36,Female,557,Sales,Medical,7644,9,7
1440,36,Female,688,Research & Development,Life Sciences,5131,4,2
1441,56,Male,667,Research & Development,Life Sciences,6306,13,12
1442,29,Male,1092,Research & Development,Medical,4787,2,2
1443,42,Male,300,Research & Development,Life Sciences,18880,22,6
1444,56,Male,310,Research & Development,Technical Degree,2339,10,9
1445,41,Female,582,Research & Development,Life Sciences,13570,20,7
1446,34,Female,704,Sales,Marketing,6712,8,7
1447,36,Male,301,Sales,Marketing,5406,15,12
1448,41,Male,930,Sales,Life Sciences,8938,5,4
1449,32,Male,529,Research & Development,Technical Degree,2439,4,2
1450,35,Female,1146,Human Resources,Life Sciences,8837,9,0
1451,38,Female,345,Sales,Life Sciences,5343,10,7
1452,50,Male,878,Sales,Life Sciences,6728,6,3
1453,36,Female,1120,Sales,Marketing,6652,6,3
1454,45,Female,374,Sales,Life Sciences,4850,5,3
1455,40,Male,1322,Research & Development,Life Sciences,2809,2,2
1456,35,Male,1199,Research & Development,Life Sciences,5689,10,2
1457,40,Female,1194,Research & Development,Medical,2001,5,3
1458,35,Female,287,Research & Development,Life Sciences,2977,4,3
1459,29,Male,1378,Research & Development,Other,4025,4,3
1460,29,Female,468,Research & Development,Medical,3785,5,4
1461,50,Male,410,Sales,Marketing,10854,3,2
1462,39,Female,722,Sales,Marketing,12031,20,9
1463,31,Male,325,Research & Development,Medical,9936,9,4
1464,26,Female,1167,Sales,Other,2966,4,2
1465,36,Male,884,Research & Development,Medical,2571,5,2
1466,39,Male,613,Research & Development,Medical,9991,7,7
1467,27,Male,155,Research & Development,Life Sciences,6142,6,2
1468,49,Male,1023,Sales,Medical,5390,9,6
1469,34,Male,628,Research & Development,Medical,4404,4,3
